{
  "BaseRecognizer": {
    "BottomOptionBound": {
      "x": 0.1038,
      "y": 0.6286,
      "width": 0.8415,
      "height": 0.04047
    }
  },
  "SupportCardRecognizer": {
    "EventBound": {
      "x": 0.15206185567010309278350515463918,
      "y": 0.18847603661820140010770059235326,
      "width": 0.61094941634241245136186770428016,
      "height": 0.02898550724637681159420289855072
    }
  },
  "CharacterRecognizer": {
    "EventBound": {
      "x": 0.15206185567010309278350515463918,
      "y": 0.18847603661820140010770059235326,
      "width": 0.61094941634241245136186770428016,
      "height": 0.02898550724637681159420289855072
    },
    "EventIconBound": {
      "x": 0.15206185567010309278350515463918,
      "y": 0.18551587301587301587301587301587,
      "width": 0.06701940035273368606701940035273,
      "height": 0.03769841269841269841269841269841
    },
    "CharaAliasNameBound": {
      "x": 0.31715771230502599653379549393414,
      "y": 0.11024390243902439024390243902439,
      "width": 0.66897746967071057192374350086655,
      "height": 0.02829268292682926829268292682927
    },
    "CharaNameBound": {
      "x": 0.31715771230502599653379549393414,
      "y": 0.1375609756097560975609756097561,
      "width": 0.66897746967071057192374350086655,
      "height": 0.02439024390243902439024390243902
    }
  },
  "ScenarioRecognizer": {
    "EventBound": {
      "x": 0.15206185567010309278350515463918,
      "y": 0.18847603661820140010770059235326,
      "width": 0.61094941634241245136186770428016,
      "height": 0.02898550724637681159420289855072
    }
  }
}