{
  "StatusBounds": {
    "Speed": {
      "x": 0.08883,
      "y": 0.6679,
      "width": 0.09794,
      "height": 0.02179
    },
    "Stamina": {
      "x": 0.2482,
      "y": 0.6679,
      "width": 0.09794,
      "height": 0.02179
    },
    "Power": {
      "x": 0.4123,
      "y": 0.6679,
      "width": 0.09794,
      "height": 0.02179
    },
    "Guts": {
      "x": 0.55808,
      "y": 0.6679,
      "width": 0.09794,
      "height": 0.02179
    },
    "Wisdom": {
      "x": 0.72209,
      "y": 0.6679,
      "width": 0.09794,
      "height": 0.02179
    }
  },
  "Detect": {
    "Method": "",
    "Threshold": 0.1
  }
}